Id,FirstName,LastName,DOB,PhoneNumber,Age
2001,Katherine,Cortez,2001-12-23,+1(150)-271-1880,24
2002,Shannon,Spencer,1995-11-10,+1(150)-271-1880,30
2003,Renee,Martinez,2000-07-31,+1(150)-271-1880,25
2004,Joshua,Todd,2005-04-19,+1(150)-271-1880,20
2005,George,Miller,2006-04-26,+1(150)-271-1880,19
2006,Regina,Paul,2005-11-07,+1(150)-271-1880,20
2007,Jacob,Brennan,1992-03-28,+1(150)-271-1880,33
2008,Jessica,Robinson,1989-11-07,+1(150)-271-1880,36
2009,Billy,Spears,2001-07-02,+1(150)-271-1880,24
2010,Melissa,Lee,1990-12-26,+1(150)-271-1880,35
2011,Joshua,Gray,1999-12-02,+1(150)-271-1880,26
2012,John,Velazquez,2005-03-12,+1(150)-271-1880,20
2013,Nancy,Conley,2002-11-13,+1(150)-271-1880,23
2014,Jessica,Cruz,1995-12-02,+1(150)-271-1880,30
2015,Audrey,Burch,2001-05-24,+1(150)-271-1880,24
2016,Alexander,Pace,1993-08-29,+1(150)-271-1880,32
2017,Amber,Kerr,1990-02-04,+1(150)-271-1880,35
2018,Charles,Spencer,2003-01-01,+1(150)-271-1880,22
2019,Robert,Franklin,2006-11-16,+1(150)-271-1880,19
2020,Carolyn,Brown,1992-03-28,+1(150)-271-1880,33
2021,Ann,Tran,2000-08-05,+1(150)-271-1880,25
2022,Arthur,Wilkinson,1998-07-27,+1(150)-271-1880,27
2023,Dale,Schneider,2003-09-27,+1(150)-271-1880,22
2024,Thomas,Hamilton,2004-08-22,+1(150)-271-1880,21
2025,Jason,Frank,2002-05-21,+1(150)-271-1880,23
2026,Stacy,Gutierrez,1993-03-01,+1(150)-271-1880,32
2027,Melissa,Smith,1994-03-06,+1(150)-271-1880,31
2028,Michele,Day,1995-07-23,+1(150)-271-1880,30
2029,Jennifer,Sanchez,1997-04-25,+1(150)-271-1880,28
2030,Christine,Swanson,1991-02-06,+1(150)-271-1880,34
2031,David,Perez,1998-09-22,+1(150)-271-1880,27
2032,William,White,1991-11-24,+1(150)-271-1880,34
2033,Patricia,Powell,1994-06-10,+1(150)-271-1880,31
2034,Rachel,Berger,2006-12-25,+1(150)-271-1880,19
2035,Sara,Hensley,1994-03-22,+1(150)-271-1880,31
2036,Jeffrey,Hurley,1992-10-27,+1(150)-271-1880,33
2037,Lisa,Robertson,2004-03-04,+1(150)-271-1880,21
2038,Shelley,King,1995-04-05,+1(150)-271-1880,30
2039,Todd,Gonzalez,2002-09-25,+1(150)-271-1880,23
2040,Travis,Conner,2003-09-05,+1(150)-271-1880,22
2041,Michelle,Evans,1993-01-22,+1(150)-271-1880,32
2042,Jasmine,Wagner,1999-06-08,+1(150)-271-1880,26
2043,Paige,Hernandez,1992-04-15,+1(150)-271-1880,33
2044,Jenna,Riley,1997-04-10,+1(150)-271-1880,28
2045,Tamara,House,1991-07-15,+1(150)-271-1880,34
2046,Matthew,Matthews,2001-03-16,+1(150)-271-1880,24
2047,Jessica,Reyes,2001-05-05,+1(150)-271-1880,24
2048,Matthew,Bonilla,1997-01-16,+1(150)-271-1880,28
2049,Gary,Mccall,1993-01-26,+1(150)-271-1880,32
2050,Morgan,Smith,1998-12-30,+1(150)-271-1880,27
2051,Matthew,Parker,1996-10-11,+1(150)-271-1880,29
2052,Kevin,Norris,2003-08-08,+1(150)-271-1880,22
2053,Elizabeth,Roman,2001-02-02,+1(150)-271-1880,24
2054,Heather,Hubbard,2001-09-01,+1(150)-271-1880,24
2055,Kara,Anderson,2003-07-31,+1(150)-271-1880,22
2056,Gary,Richards,1996-08-19,+1(150)-271-1880,29
2057,Craig,Mccall,2005-06-25,+1(150)-271-1880,20
2058,Tabitha,Landry,1999-03-19,+1(150)-271-1880,26
2059,Tiffany,Patel,1996-05-03,+1(150)-271-1880,29
2060,Calvin,Jensen,1996-02-15,+1(150)-271-1880,29
2061,Angela,Brock,2003-12-21,+1(150)-271-1880,22
2062,Michelle,Green,1989-09-06,+1(150)-271-1880,36
2063,Melissa,Rangel,1998-11-16,+1(150)-271-1880,27
2064,Michelle,Garrett,2004-10-28,+1(150)-271-1880,21
2065,Jose,Waters,2007-03-09,+1(150)-271-1880,18
2066,Michael,Alvarez,2001-05-20,+1(150)-271-1880,24
2067,Nathaniel,Aguirre,1993-08-13,+1(150)-271-1880,32
2068,Mckenzie,Roberts,1991-08-26,+1(150)-271-1880,34
2069,Andrea,Cantrell,1998-06-23,+1(150)-271-1880,27
2070,Keith,Banks,1996-12-31,+1(150)-271-1880,29
2071,Wesley,Estes,1990-08-12,+1(150)-271-1880,35
2072,Julie,Shelton,1992-07-05,+1(150)-271-1880,33
2073,Kathy,Hamilton,1990-04-01,+1(150)-271-1880,35
2074,Claudia,Smith,1998-02-25,+1(150)-271-1880,27
2075,Megan,Whitaker,1998-04-17,+1(150)-271-1880,27
2076,Rose,Moore,1999-03-12,+1(150)-271-1880,26
2077,Danielle,Holmes,2001-01-20,+1(150)-271-1880,24
2078,Julie,Collier,2002-07-19,+1(150)-271-1880,23
2079,Brian,Dillon,1990-01-16,+1(150)-271-1880,35
2080,Amy,Hunt,1993-07-17,+1(150)-271-1880,32
2081,Paula,Wagner,2002-01-16,+1(150)-271-1880,23
2082,Diana,Mcbride,2006-06-17,+1(150)-271-1880,19
2083,April,Huber,1993-09-20,+1(150)-271-1880,32
2084,Marvin,Miller,1997-08-02,+1(150)-271-1880,28
2085,Robert,Grant,1998-08-25,+1(150)-271-1880,27
2086,Alyssa,Fitzgerald,2001-10-19,+1(150)-271-1880,24
2087,Mariah,Calhoun,2006-11-20,+1(150)-271-1880,19
2088,Jack,Johnson,2007-03-20,+1(150)-271-1880,18
2089,Eric,Mack,2000-04-07,+1(150)-271-1880,25
2090,Johnny,Lewis,1993-10-17,+1(150)-271-1880,32
2091,Gregory,Anderson,2004-02-05,+1(150)-271-1880,21
2092,Cynthia,Williams,1991-09-15,+1(150)-271-1880,34
2093,Amanda,Barry,1998-02-21,+1(150)-271-1880,27
2094,Lauren,Durham,2000-04-30,+1(150)-271-1880,25
2095,Brandon,Palmer,2001-09-12,+1(150)-271-1880,24
2096,Deborah,Walker,1992-09-22,+1(150)-271-1880,33
2097,Shelby,Sanchez,1989-05-23,+1(150)-271-1880,36
2098,Sarah,Cook,1992-10-03,+1(150)-271-1880,33
2099,Ryan,Lucas,2001-02-15,+1(150)-271-1880,24
2100,Curtis,Preston,1994-09-11,+1(150)-271-1880,31
2101,Jennifer,Pierce,2005-01-05,+1(150)-271-1880,20
2102,Alexander,Warren,1999-10-06,+1(150)-271-1880,26
2103,Tricia,Armstrong,1992-05-04,+1(150)-271-1880,33
2104,Leslie,Blackburn,1999-02-15,+1(150)-271-1880,26
2105,Carly,Meyer,1993-08-06,+1(150)-271-1880,32
2106,Rebecca,Pratt,2000-08-22,+1(150)-271-1880,25
2107,Jennifer,Dixon,2000-05-15,+1(150)-271-1880,25
2108,Brian,Horton,1992-04-01,+1(150)-271-1880,33
2109,Troy,Wise,1990-05-24,+1(150)-271-1880,35
2110,Travis,Jackson,1990-05-25,+1(150)-271-1880,35
2111,Donna,Jackson,1996-11-26,+1(150)-271-1880,29
2112,Christopher,Green,1994-04-21,+1(150)-271-1880,31
2113,Alison,Bauer,1992-11-25,+1(150)-271-1880,33
2114,Tiffany,Vasquez,2003-11-08,+1(150)-271-1880,22
2115,Jason,Davis,1996-11-09,+1(150)-271-1880,29
2116,Holly,Mcbride,1999-04-25,+1(150)-271-1880,26
2117,Pamela,Crosby,2001-09-04,+1(150)-271-1880,24
2118,Leslie,Haynes,1990-12-04,+1(150)-271-1880,35
2119,Karen,Ortiz,1991-04-18,+1(150)-271-1880,34
2120,Regina,Hall,1993-12-18,+1(150)-271-1880,32
2121,Martha,Marquez,2004-11-13,+1(150)-271-1880,21
2122,Alexander,Manning,1995-12-11,+1(150)-271-1880,30
2123,Paul,Gilmore,2003-09-25,+1(150)-271-1880,22
2124,Melissa,Bowman,1993-08-26,+1(150)-271-1880,32
2125,Tracy,Mendez,2002-01-23,+1(150)-271-1880,23
2126,Mark,Hill,2005-03-06,+1(150)-271-1880,20
2127,Lisa,Eaton,1996-08-21,+1(150)-271-1880,29
2128,Chad,Terry,1994-07-13,+1(150)-271-1880,31
2129,Thomas,Hoover,1999-09-12,+1(150)-271-1880,26
2130,Stephanie,Christensen,1993-01-03,+1(150)-271-1880,32
2131,Nicholas,Kramer,1995-01-31,+1(150)-271-1880,30
2132,Michael,Martin,2007-03-10,+1(150)-271-1880,18
2133,Joe,Grant,2005-05-02,+1(150)-271-1880,20
2134,Amy,Sanchez,1993-10-21,+1(150)-271-1880,32
2135,Patrick,Nelson,1993-11-02,+1(150)-271-1880,32
2136,Christopher,Freeman,1993-02-17,+1(150)-271-1880,32
2137,Vanessa,Stewart,1995-07-14,+1(150)-271-1880,30
2138,Rebecca,Lee,2007-02-18,+1(150)-271-1880,18
2139,Cynthia,Byrd,1995-05-05,+1(150)-271-1880,30
2140,Sarah,Cross,1994-06-21,+1(150)-271-1880,31
2141,Cheyenne,Wright,1999-12-12,+1(150)-271-1880,26
2142,Marcus,Rubio,2001-03-22,+1(150)-271-1880,24
2143,Jose,Bell,2006-07-31,+1(150)-271-1880,19
2144,John,French,2002-07-02,+1(150)-271-1880,23
2145,Jerry,Alvarez,2000-09-05,+1(150)-271-1880,25
2146,Laura,Brown,2001-05-26,+1(150)-271-1880,24
2147,Monica,Stephens,1995-09-28,+1(150)-271-1880,30
2148,Sean,King,1996-09-28,+1(150)-271-1880,29
2149,Karen,Watts,1997-11-27,+1(150)-271-1880,28
2150,Ashley,Russell,1998-01-17,+1(150)-271-1880,27
2151,Peter,Lee,1995-06-19,+1(150)-271-1880,30
2152,Timothy,Austin,2003-08-23,+1(150)-271-1880,22
2153,Gabriella,Dixon,2003-10-05,+1(150)-271-1880,22
2154,Thomas,Parker,2006-08-08,+1(150)-271-1880,19
2155,Stephanie,Shannon,1990-03-18,+1(150)-271-1880,35
2156,Erica,Evans,1993-02-22,+1(150)-271-1880,32
2157,Brian,Robbins,1990-02-23,+1(150)-271-1880,35
2158,Victoria,Jackson,1999-03-09,+1(150)-271-1880,26
2159,Karen,Hernandez,2006-08-05,+1(150)-271-1880,19
2160,Katherine,George,2001-04-29,+1(150)-271-1880,24
2161,Destiny,Williamson,1994-11-29,+1(150)-271-1880,31
2162,Anthony,Gonzalez,2005-06-01,+1(150)-271-1880,20
2163,Walter,Thomas,1994-12-03,+1(150)-271-1880,31
2164,Bryan,Murray,2006-08-12,+1(150)-271-1880,19
2165,Robert,Rodriguez,1999-09-11,+1(150)-271-1880,26
2166,Richard,Clark,2003-04-04,+1(150)-271-1880,22
2167,Eric,Noble,2003-11-26,+1(150)-271-1880,22
2168,Matthew,Arnold,2005-12-01,+1(150)-271-1880,20
2169,Steven,Wu,2000-06-05,+1(150)-271-1880,25
2170,Marcus,Flores,1990-04-25,+1(150)-271-1880,35
2171,Marie,Mckinney,1996-06-17,+1(150)-271-1880,29
2172,Logan,Simpson,1998-05-31,+1(150)-271-1880,27
2173,Robert,Chaney,1992-02-11,+1(150)-271-1880,33
2174,Alexis,Hayes,2001-08-28,+1(150)-271-1880,24
2175,Heather,Perez,2000-10-24,+1(150)-271-1880,25
2176,Louis,Hall,2007-04-15,+1(150)-271-1880,18
2177,Sharon,Williams,1990-04-14,+1(150)-271-1880,35
2178,Philip,Holt,2001-05-16,+1(150)-271-1880,24
2179,Martin,Rivas,1996-02-26,+1(150)-271-1880,29
2180,Pedro,Donovan,2001-09-12,+1(150)-271-1880,24
2181,Thomas,Ware,2000-01-21,+1(150)-271-1880,25
2182,Jordan,Mitchell,1999-08-15,+1(150)-271-1880,26
2183,Laurie,Harrison,2003-02-03,+1(150)-271-1880,22
2184,Francisco,Burnett,1996-08-19,+1(150)-271-1880,29
2185,Raymond,Fitzpatrick,2003-11-13,+1(150)-271-1880,22
2186,Michael,Rangel,1995-03-25,+1(150)-271-1880,30
2187,Aaron,Edwards,1990-09-14,+1(150)-271-1880,35
2188,Antonio,Cole,1999-10-24,+1(150)-271-1880,26
2189,Sandra,Thomas,2006-02-08,+1(150)-271-1880,19
2190,Lorraine,Davis,2004-12-24,+1(150)-271-1880,21
2191,John,Gray,1997-05-17,+1(150)-271-1880,28
2192,Gary,Mcdonald,2004-09-15,+1(150)-271-1880,21
2193,Tracy,King,1997-11-24,+1(150)-271-1880,28
2194,Wayne,Wagner,2006-12-12,+1(150)-271-1880,19
2195,Andres,Khan,1990-10-27,+1(150)-271-1880,35
2196,Gabriela,Ruiz,1995-03-28,+1(150)-271-1880,30
2197,Emily,Aguilar,1995-08-01,+1(150)-271-1880,30
2198,Christopher,Cruz,2006-04-27,+1(150)-271-1880,19
2199,Melissa,Robinson,1995-06-02,+1(150)-271-1880,30
2200,Paul,James,1990-10-21,+1(150)-271-1880,35
2201,David,Vasquez,1990-10-09,+1(150)-271-1880,35
2202,Edward,Baker,1992-02-13,+1(150)-271-1880,33
2203,Crystal,Thomas,1991-10-10,+1(150)-271-1880,34
2204,Kevin,Evans,1998-10-09,+1(150)-271-1880,27
2205,Danielle,Russell,2000-11-13,+1(150)-271-1880,25
2206,Richard,Orozco,1996-04-01,+1(150)-271-1880,29
2207,Laura,Leblanc,2005-05-27,+1(150)-271-1880,20
2208,Harold,Anderson,1990-11-07,+1(150)-271-1880,35
2209,Danny,Flores,1999-06-07,+1(150)-271-1880,26
2210,Kathryn,Schroeder,1992-08-12,+1(150)-271-1880,33
2211,Tyler,Garrett,1998-04-19,+1(150)-271-1880,27
2212,Paul,Kelly,1999-12-07,+1(150)-271-1880,26
2213,Joanne,Johnson,1992-05-12,+1(150)-271-1880,33
2214,Jeanne,Pratt,2006-09-14,+1(150)-271-1880,19
2215,Tyler,Kim,1993-04-18,+1(150)-271-1880,32
2216,Susan,Orozco,1994-07-15,+1(150)-271-1880,31
2217,Kelsey,Williams,1994-12-31,+1(150)-271-1880,31
2218,Kevin,Gibbs,1993-01-14,+1(150)-271-1880,32
2219,Derek,Peterson,1996-07-15,+1(150)-271-1880,29
2220,Sheila,Cruz,2001-09-20,+1(150)-271-1880,24
2221,Dustin,Mclean,1997-05-22,+1(150)-271-1880,28
2222,Lawrence,Sparks,2004-06-27,+1(150)-271-1880,21
2223,Maureen,Berry,1989-05-08,+1(150)-271-1880,36
2224,Sandra,Little,1998-04-14,+1(150)-271-1880,27
2225,Kurt,Walker,1999-05-28,+1(150)-271-1880,26
2226,Jacqueline,Glenn,1993-11-23,+1(150)-271-1880,32
2227,Jacob,Shelton,2000-02-25,+1(150)-271-1880,25
2228,Bryce,Foster,1996-05-28,+1(150)-271-1880,29
2229,Elizabeth,Webb,2004-08-03,+1(150)-271-1880,21
2230,Christine,Shaw,1996-11-06,+1(150)-271-1880,29
2231,Steven,Wilson,1996-10-17,+1(150)-271-1880,29
2232,Stephen,Burke,1989-11-17,+1(150)-271-1880,36
2233,Brandon,Williams,2000-09-03,+1(150)-271-1880,25
2234,David,Christensen,1999-07-19,+1(150)-271-1880,26
2235,Mark,Carroll,1989-11-25,+1(150)-271-1880,36
2236,Samuel,Short,1995-08-11,+1(150)-271-1880,30
2237,Nathaniel,Jones,1993-05-16,+1(150)-271-1880,32
2238,Sean,Watts,1997-03-01,+1(150)-271-1880,28
2239,Troy,Hicks,2005-12-05,+1(150)-271-1880,20
2240,Patricia,Hart,1991-03-03,+1(150)-271-1880,34
2241,Shelley,Fisher,1992-11-03,+1(150)-271-1880,33
2242,Julie,Salazar,1999-04-16,+1(150)-271-1880,26
2243,Jerry,Rose,1999-08-23,+1(150)-271-1880,26
2244,John,Griffin,1993-11-17,+1(150)-271-1880,32
2245,Joanna,Salinas,2006-05-23,+1(150)-271-1880,19
2246,Victoria,Leblanc,1992-01-29,+1(150)-271-1880,33
2247,Jamie,Sosa,2006-07-02,+1(150)-271-1880,19
2248,Dale,Cuevas,2003-07-15,+1(150)-271-1880,22
2249,Bradley,Richardson,1994-02-26,+1(150)-271-1880,31
2250,Leslie,Chaney,2001-03-14,+1(150)-271-1880,24
2251,Teresa,Rose,1994-03-10,+1(150)-271-1880,31
2252,Ana,Thompson,2005-07-24,+1(150)-271-1880,20
2253,Stacy,Hicks,1997-11-27,+1(150)-271-1880,28
2254,Vanessa,Giles,2006-09-09,+1(150)-271-1880,19
2255,Daniel,Miles,1991-09-07,+1(150)-271-1880,34
2256,Alicia,Cross,2000-09-01,+1(150)-271-1880,25
2257,Amber,Larson,1991-05-11,+1(150)-271-1880,34
2258,Andrew,Coleman,1993-06-16,+1(150)-271-1880,32
2259,David,Casey,2000-09-02,+1(150)-271-1880,25
2260,Candace,Kelly,1996-11-21,+1(150)-271-1880,29
2261,Kenneth,Hoffman,1994-11-03,+1(150)-271-1880,31
2262,Diamond,Klein,1991-11-24,+1(150)-271-1880,34
2263,John,Estrada,1998-08-09,+1(150)-271-1880,27
2264,Jennifer,Wallace,2007-03-04,+1(150)-271-1880,18
2265,Pamela,Liu,2004-02-15,+1(150)-271-1880,21
2266,Jason,Arnold,1995-12-22,+1(150)-271-1880,30
2267,Michael,Lucas,1998-03-13,+1(150)-271-1880,27
2268,Jason,Thomas,2006-04-21,+1(150)-271-1880,19
2269,Joshua,Kennedy,1990-12-08,+1(150)-271-1880,35
2270,Pamela,Kramer,1993-02-26,+1(150)-271-1880,32
2271,Jamie,Price,1994-11-23,+1(150)-271-1880,31
2272,Richard,Williams,2003-12-05,+1(150)-271-1880,22
2273,William,Robbins,2002-04-14,+1(150)-271-1880,23
2274,Brandon,Riley,1993-11-22,+1(150)-271-1880,32
2275,Rebecca,Morris,1989-09-10,+1(150)-271-1880,36
2276,Cassandra,Lopez,2002-04-06,+1(150)-271-1880,23
2277,Sarah,Barrett,1998-03-30,+1(150)-271-1880,27
2278,Morgan,Bryant,1997-12-22,+1(150)-271-1880,28
2279,Caleb,Sanders,1999-03-24,+1(150)-271-1880,26
2280,Douglas,Smith,1992-06-14,+1(150)-271-1880,33
2281,Emily,Garcia,2002-07-06,+1(150)-271-1880,23
2282,Paul,Riley,1992-08-03,+1(150)-271-1880,33
2283,Adrian,Mcdaniel,2004-02-20,+1(150)-271-1880,21
2284,Kristy,Johnson,1991-01-22,+1(150)-271-1880,34
2285,Linda,Jackson,2002-11-30,+1(150)-271-1880,23
2286,Derek,Sullivan,1994-05-12,+1(150)-271-1880,31
2287,Vicki,Ward,1992-11-30,+1(150)-271-1880,33
2288,Aaron,Green,1990-03-03,+1(150)-271-1880,35
2289,Michael,Pope,1997-08-09,+1(150)-271-1880,28
2290,Roger,Turner,1992-08-14,+1(150)-271-1880,33
2291,Robert,Guerrero,1991-05-08,+1(150)-271-1880,34
2292,Danielle,Lopez,1994-08-17,+1(150)-271-1880,31
2293,Dakota,Clark,1994-11-24,+1(150)-271-1880,31
2294,Jennifer,Alvarez,2001-05-11,+1(150)-271-1880,24
2295,Matthew,Gonzalez,1989-08-18,+1(150)-271-1880,36
2296,Reginald,Fisher,2002-02-23,+1(150)-271-1880,23
2297,Matthew,Vazquez,1998-12-10,+1(150)-271-1880,27
2298,Scott,Pham,1999-08-22,+1(150)-271-1880,26
2299,Robert,Buckley,2004-04-19,+1(150)-271-1880,21
2300,Christopher,Blake,1998-05-08,+1(150)-271-1880,27
2301,Gregory,Reed,1992-02-15,+1(150)-271-1880,33
2302,Allison,Martinez,1995-05-13,+1(150)-271-1880,30
2303,Aaron,Avila,1992-11-09,+1(150)-271-1880,33
2304,Shannon,Thomas,1997-01-20,+1(150)-271-1880,28
2305,Charles,Smith,1995-09-07,+1(150)-271-1880,30
2306,Alexa,Johnson,2005-05-01,+1(150)-271-1880,20
2307,Patrick,Ashley,1998-07-31,+1(150)-271-1880,27
2308,Vanessa,Everett,2006-12-10,+1(150)-271-1880,19
2309,Melissa,Cooper,1995-08-18,+1(150)-271-1880,30
2310,Deanna,Stewart,2004-09-01,+1(150)-271-1880,21
2311,Timothy,Ortiz,2000-05-06,+1(150)-271-1880,25
2312,Roy,Espinoza,1990-07-17,+1(150)-271-1880,35
2313,Mary,Schmidt,2002-07-30,+1(150)-271-1880,23
2314,Carolyn,Holder,2001-12-14,+1(150)-271-1880,24
2315,Daniel,Ramos,1994-08-28,+1(150)-271-1880,31
2316,John,Mitchell,1998-06-02,+1(150)-271-1880,27
2317,Daniel,Bryant,1998-07-11,+1(150)-271-1880,27
2318,Christine,Smith,1993-01-11,+1(150)-271-1880,32
2319,Tyler,Porter,1997-06-06,+1(150)-271-1880,28
2320,Amanda,Ward,1989-11-06,+1(150)-271-1880,36
2321,Ross,Love,2004-11-05,+1(150)-271-1880,21
2322,Nicole,Taylor,1999-09-15,+1(150)-271-1880,26
2323,Brandy,Perez,1989-10-20,+1(150)-271-1880,36
2324,Amanda,Cannon,2005-11-26,+1(150)-271-1880,20
2325,Amanda,Davis,1991-06-28,+1(150)-271-1880,34
2326,Patrick,Mack,1999-11-26,+1(150)-271-1880,26
2327,Chelsea,Brown,2001-12-27,+1(150)-271-1880,24
2328,Miguel,Contreras,1994-07-23,+1(150)-271-1880,31
2329,Xavier,Schultz,2002-11-13,+1(150)-271-1880,23
2330,Leah,Shaw,1999-08-21,+1(150)-271-1880,26
2331,Pamela,Williams,2002-12-18,+1(150)-271-1880,23
2332,Denise,Howell,1993-01-15,+1(150)-271-1880,32
2333,Lauren,Davis,1993-11-24,+1(150)-271-1880,32
2334,Gabriel,Mendoza,1990-10-31,+1(150)-271-1880,35
2335,Anthony,Cain,2006-04-28,+1(150)-271-1880,19
2336,Jon,Williams,2004-08-20,+1(150)-271-1880,21
2337,Heidi,Lara,1996-03-14,+1(150)-271-1880,29
2338,Heather,Guzman,1998-10-26,+1(150)-271-1880,27
2339,Lori,Mcdaniel,1993-10-11,+1(150)-271-1880,32
2340,Terri,Jones,1997-07-11,+1(150)-271-1880,28
2341,Audrey,Nelson,1990-06-23,+1(150)-271-1880,35
2342,Jennifer,Smith,1992-02-08,+1(150)-271-1880,33
2343,Christine,Cowan,1998-01-31,+1(150)-271-1880,27
2344,Veronica,Shaw,1993-05-03,+1(150)-271-1880,32
2345,Sarah,Cruz,1997-12-25,+1(150)-271-1880,28
2346,Richard,Moon,2001-09-15,+1(150)-271-1880,24
2347,Craig,Bush,1991-04-10,+1(150)-271-1880,34
2348,Kim,Bishop,1995-06-11,+1(150)-271-1880,30
2349,Billy,Armstrong,2002-10-09,+1(150)-271-1880,23
2350,Margaret,Duran,2000-05-26,+1(150)-271-1880,25
2351,Theresa,Sampson,1999-03-02,+1(150)-271-1880,26
2352,Bridget,Williams,1996-10-31,+1(150)-271-1880,29
2353,Nathaniel,Navarro,1989-07-14,+1(150)-271-1880,36
2354,Andrew,Martin,1991-03-05,+1(150)-271-1880,34
2355,Brian,Holder,2001-06-14,+1(150)-271-1880,24
2356,Allen,Oliver,2002-02-14,+1(150)-271-1880,23
2357,Rebecca,Gordon,1993-01-30,+1(150)-271-1880,32
2358,Benjamin,Johnson,2004-04-11,+1(150)-271-1880,21
2359,Stanley,Erickson,1996-10-18,+1(150)-271-1880,29
2360,Erica,Hensley,1993-02-06,+1(150)-271-1880,32
2361,Maureen,Chen,2000-01-09,+1(150)-271-1880,25
2362,Joshua,Mitchell,1997-09-13,+1(150)-271-1880,28
2363,James,Ware,1992-08-27,+1(150)-271-1880,33
2364,Christine,Mason,2000-02-23,+1(150)-271-1880,25
2365,Heather,Schneider,2006-02-22,+1(150)-271-1880,19
2366,David,Cortez,2006-01-06,+1(150)-271-1880,19
2367,Johnathan,Weeks,1998-12-09,+1(150)-271-1880,27
2368,Sarah,Lawson,1990-09-21,+1(150)-271-1880,35
2369,Bryan,Soto,1993-07-21,+1(150)-271-1880,32
2370,Kayla,Benitez,1991-07-07,+1(150)-271-1880,34
2371,Julie,Valencia,1999-09-15,+1(150)-271-1880,26
2372,Charlene,Lynch,2006-11-01,+1(150)-271-1880,19
2373,Tanner,White,1995-10-01,+1(150)-271-1880,30
2374,Cynthia,Diaz,2003-10-17,+1(150)-271-1880,22
2375,Mary,Hayes,1997-09-10,+1(150)-271-1880,28
2376,David,Anderson,1993-04-04,+1(150)-271-1880,32
2377,Ryan,Figueroa,2005-10-01,+1(150)-271-1880,20
2378,Jennifer,Elliott,1990-10-14,+1(150)-271-1880,35
2379,Lindsay,Mcmillan,1989-10-04,+1(150)-271-1880,36
2380,Lindsay,Maldonado,1992-07-19,+1(150)-271-1880,33
2381,Elizabeth,Cruz,2006-06-10,+1(150)-271-1880,19
2382,Kevin,Medina,1992-12-10,+1(150)-271-1880,33
2383,Pamela,Mathews,1991-09-30,+1(150)-271-1880,34
2384,Raymond,Trevino,1993-08-29,+1(150)-271-1880,32
2385,Brandi,Higgins,1993-04-22,+1(150)-271-1880,32
2386,Christopher,Warren,2003-03-03,+1(150)-271-1880,22
2387,Carla,Rojas,2001-07-05,+1(150)-271-1880,24
2388,Timothy,Wise,2006-02-07,+1(150)-271-1880,19
2389,Nancy,Lawson,1989-07-17,+1(150)-271-1880,36
2390,Carl,Anderson,1993-04-09,+1(150)-271-1880,32
2391,Bradley,Lambert,1996-08-27,+1(150)-271-1880,29
2392,Richard,Martin,2000-01-24,+1(150)-271-1880,25
2393,Kimberly,Collins,1992-08-31,+1(150)-271-1880,33
2394,Carl,Williams,1999-03-26,+1(150)-271-1880,26
2395,Charles,Cardenas,1995-08-30,+1(150)-271-1880,30
2396,Christopher,Bolton,2004-03-22,+1(150)-271-1880,21
2397,James,Sanchez,1997-02-23,+1(150)-271-1880,28
2398,Megan,Jones,2001-09-14,+1(150)-271-1880,24
2399,Kevin,Cox,1992-09-20,+1(150)-271-1880,33
2400,Michael,Montgomery,1998-07-04,+1(150)-271-1880,27
