StudentFK,CoursesFK
2183,MSAI106
2183,MSAI109
2183,MSAI103
2183,MSAI101
2183,MSAI105
2116,MSAI102
2116,MSAI106
2116,MSAI104
2116,MSAI103
2116,MSAI109
2269,MSAI101
2269,MSAI105
2269,MSAI103
2269,MSAI107
2269,MSAI108
2091,MSAI103
2091,MSAI109
2091,MSAI107
2091,MSAI108
2091,MSAI106
2091,MSAI102
2091,MSAI101
2280,MSAI102
2280,MSAI109
2280,MSAI104
2280,MSAI108
2280,MSAI106
2280,MSAI105
2280,MSAI103
2280,MSAI101
2358,MSAI107
2358,MSAI102
2358,MSAI108
2358,MSAI104
2358,MSAI105
2358,MSAI101
2358,MSAI109
2358,MSAI106
2358,MSAI103
2215,MSAI102
2215,MSAI105
2215,MSAI108
2215,MSAI109
2215,MSAI101
2215,MSAI107
2215,MSAI106
2215,MSAI103
2211,MSAI109
2211,MSAI101
2211,MSAI108
2211,MSAI102
2211,MSAI104
2211,MSAI106
2211,MSAI103
2211,MSAI107
2211,MSAI105
2024,MSAI104
2237,MSAI103
2237,MSAI102
2237,MSAI108
2237,MSAI106
2237,MSAI105
2237,MSAI101
2237,MSAI107
2388,MSAI103
2388,MSAI109
2388,MSAI104
2388,MSAI106
2388,MSAI108
2388,MSAI107
2388,MSAI102
2388,MSAI101
2045,MSAI105
2045,MSAI108
2045,MSAI102
2384,MSAI103
2384,MSAI101
2020,MSAI102
2075,MSAI102
2075,MSAI104
2075,MSAI108
2075,MSAI107
2075,MSAI103
2075,MSAI109
2075,MSAI101
2075,MSAI106
2075,MSAI105
2396,MSAI105
2396,MSAI103
2396,MSAI108
2396,MSAI106
2396,MSAI109
2396,MSAI104
2226,MSAI103
2226,MSAI109
2226,MSAI101
2226,MSAI108
2226,MSAI102
2226,MSAI106
2385,MSAI103
2385,MSAI104
2115,MSAI104
2115,MSAI102
2115,MSAI106
2115,MSAI101
2115,MSAI103
2115,MSAI107
2115,MSAI105
2191,MSAI103
2191,MSAI102
2191,MSAI106
2191,MSAI104
2191,MSAI101
2191,MSAI109
2374,MAAE603
2374,MAAE608
2374,MAAE607
2374,MAAE605
2374,MAAE609
2374,MAAE606
2127,MAAE602
2127,MAAE607
2127,MAAE603
2127,MAAE609
2127,MAAE608
2127,MAAE601
2127,MAAE605
2353,MAAE607
2048,MAAE602
2048,MAAE606
2048,MAAE608
2048,MAAE601
2048,MAAE607
2048,MAAE604
2048,MAAE605
2048,MAAE609
2048,MAAE603
2267,MAAE603
2267,MAAE606
2179,MAAE604
2179,MAAE608
2179,MAAE607
2179,MAAE602
2130,MAAE602
2130,MAAE607
2130,MAAE608
2130,MAAE605
2130,MAAE609
2130,MAAE606
2130,MAAE601
2130,MAAE603
2367,MAAE606
2367,MAAE602
2367,MAAE605
2367,MAAE601
2383,MAAE603
2383,MAAE604
2383,MAAE602
2383,MAAE608
2383,MAAE605
2383,MAAE607
2383,MAAE606
2383,MAAE601
2078,MAAE609
2078,MAAE605
2078,MAAE606
2057,MAAE606
2057,MAAE602
2057,MAAE609
2057,MAAE604
2057,MAAE605
2359,MAAE607
2359,MAAE602
2359,MAAE605
2359,MAAE609
2359,MAAE606
2359,MAAE608
2359,MAAE601
2359,MAAE604
2359,MAAE603
2379,MAAE601
2263,MAAE606
2263,MAAE603
2263,MAAE604
2006,MAAE607
2053,MAAE606
2053,MAAE609
2124,MAAE602
2124,MAAE609
2124,MAAE603
2139,MAAE606
2323,MAAE606
2327,MAAE607
2327,MAAE602
2327,MAAE608
2327,MAAE605
2327,MAAE609
2327,MAAE606
2327,MAAE604
2327,MAAE603
2007,MSDS202
2007,MSDS207
2007,MSDS206
2007,MSDS209
2007,MSDS205
2007,MSDS204
2007,MSDS201
2007,MSDS208
2007,MSDS203
2052,MSDS201
2229,MSDS206
2229,MSDS207
2229,MSDS209
2229,MSDS205
2229,MSDS204
2229,MSDS202
2248,MSDS205
2248,MSDS204
2248,MSDS202
2248,MSDS201
2248,MSDS203
2248,MSDS209
2248,MSDS208
2248,MSDS207
2248,MSDS206
2173,MSDS207
2173,MSDS206
2173,MSDS201
2173,MSDS205
2173,MSDS203
2112,MSDS201
2112,MSDS208
2112,MSDS209
2112,MSDS205
2112,MSDS206
2112,MSDS202
2112,MSDS204
2198,MSDS204
2198,MSDS203
2198,MSDS206
2198,MSDS201
2031,MSDS204
2031,MSDS209
2031,MSDS201
2031,MSDS208
2031,MSDS203
2031,MSDS202
2031,MSDS206
2031,MSDS205
2031,MSDS207
2320,MSDS201
2320,MSDS207
2320,MSDS209
2320,MSDS203
2320,MSDS208
2320,MSDS202
2320,MSDS206
2320,MSDS205
2037,MSDS207
2037,MSDS208
2037,MSDS205
2104,MSDS204
2104,MSDS208
2104,MSDS201
2104,MSDS203
2104,MSDS207
2104,MSDS205
2104,MSDS209
2104,MSDS202
2155,MSDS209
2155,MSDS208
2155,MSDS206
2155,MSDS202
2155,MSDS201
2155,MSDS204
2155,MSDS203
2155,MSDS207
2330,MSDS204
2330,MSDS208
2330,MSDS201
2330,MSDS205
2330,MSDS203
2330,MSDS207
2330,MSDS209
2260,MSDS208
2260,MSDS206
2260,MSDS204
2260,MSDS205
2260,MSDS203
2300,MSDS205
2300,MSDS207
2300,MSDS203
2300,MSDS209
2200,MSDS205
2200,MSDS209
2200,MSDS206
2200,MSDS208
2200,MSDS202
2200,MSDS207
2364,MSDS201
2364,MSDS202
2364,MSDS204
2364,MSDS209
2364,MSDS208
2364,MSDS203
2364,MSDS205
2364,MSDS207
2364,MSDS206
2129,MSDS209
2129,MSDS203
2129,MSDS207
2129,MSDS202
2129,MSDS205
2129,MSDS204
2129,MSDS201
2129,MSDS206
2129,MSDS208
2274,MSDS209
2274,MSDS206
2274,MSDS204
2274,MSDS203
2274,MSDS205
2274,MSDS208
2274,MSDS202
2274,MSDS201
2274,MSDS207
2088,MSDS204
2088,MSDS209
2088,MSDS205
2088,MSDS208
2088,MSDS201
2088,MSDS202
2286,MSFI306
2286,MSFI309
2286,MSFI305
2286,MSFI301
2286,MSFI307
2286,MSFI303
2286,MSFI308
2286,MSFI302
2052,MSFI306
2052,MSFI305
2052,MSFI308
2052,MSFI307
2052,MSFI301
2274,MSFI301
2274,MSFI303
2274,MSFI308
2274,MSFI306
2274,MSFI309
2274,MSFI305
2274,MSFI302
2274,MSFI307
2274,MSFI304
2071,MSFI303
2071,MSFI306
2314,MSFI307
2314,MSFI306
2360,MSFI307
2334,MSFI307
2334,MSFI301
2378,MSFI301
2378,MSFI303
2378,MSFI304
2378,MSFI309
2378,MSFI305
2187,MSFI301
2187,MSFI306
2187,MSFI305
2187,MSFI307
2021,MSFI307
2021,MSFI305
2202,MSFI308
2202,MSFI307
2380,MSFI308
2380,MSFI307
2380,MSFI305
2380,MSFI303
2380,MSFI301
2380,MSFI306
2380,MSFI309
2380,MSFI304
2380,MSFI302
2005,MSFI301
2382,MSFI308
2382,MSFI305
2382,MSFI304
2382,MSFI309
2382,MSFI301
2382,MSFI302
2382,MSFI307
2382,MSFI306
2382,MSFI303
2012,MSFI308
2012,MSFI306
2012,MSFI307
2012,MSFI303
2012,MSFI301
2012,MSFI304
2012,MSFI305
2012,MSFI309
2203,MSFI306
2203,MSFI309
2203,MSFI308
2203,MSFI307
2203,MSFI303
2203,MSFI301
2203,MSFI305
2054,MSFI304
2054,MSFI307
2054,MSFI302
2288,MSFI303
2288,MSFI308
2288,MSFI307
2288,MSFI306
2147,MSFI303
2147,MSFI302
2147,MSFI301
2147,MSFI304
2147,MSFI308
2147,MSFI305
2147,MSFI306
2147,MSFI307
2335,MSFI301
2335,MSFI304
2335,MSFI302
2335,MSFI307
2335,MSFI306
2316,MSDR502
2316,MSDR503
2316,MSDR501
2316,MSDR504
2316,MSDR508
2316,MSDR505
2316,MSDR507
2316,MSDR509
2316,MSDR506
2235,MSDR501
2235,MSDR508
2235,MSDR502
2235,MSDR506
2235,MSDR507
2235,MSDR509
2235,MSDR504
2035,MSDR507
2035,MSDR508
2035,MSDR501
2035,MSDR506
2234,MSDR508
2234,MSDR506
2234,MSDR505
2234,MSDR504
2234,MSDR502
2234,MSDR503
2234,MSDR509
2234,MSDR507
2234,MSDR501
2007,MSDR509
2007,MSDR504
2231,MSDR509
2231,MSDR505
2231,MSDR502
2231,MSDR508
2148,MSDR506
2148,MSDR502
2148,MSDR504
2148,MSDR508
2341,MSDR508
2341,MSDR506
2341,MSDR507
2341,MSDR501
2341,MSDR502
2341,MSDR504
2001,MSDR508
2001,MSDR506
2001,MSDR504
2001,MSDR509
2001,MSDR502
2001,MSDR503
2101,MSDR504
2101,MSDR503
2101,MSDR501
2101,MSDR505
2201,MSDR501
2201,MSDR508
2201,MSDR507
2201,MSDR509
2201,MSDR506
2065,MSDR506
2065,MSDR503
2065,MSDR507
2065,MSDR502
2065,MSDR501
2065,MSDR508
2241,MSDR501
2241,MSDR503
2241,MSDR502
2149,MSDR504
2149,MSDR505
2149,MSDR506
2149,MSDR508
2149,MSDR501
2149,MSDR507
2200,MSDR505
2200,MSDR501
2200,MSDR507
2293,MSDR501
2293,MSDR505
2293,MSDR502
2293,MSDR507
2293,MSDR509
2293,MSDR504
2293,MSDR506
2293,MSDR503
2109,MSDR504
2109,MSDR507
2109,MSDR509
2109,MSDR508
2109,MSDR501
2109,MSDR503
2338,MSDR508
2338,MSDR507
2338,MSDR503
2338,MSDR504
2338,MSDR509
2338,MSDR505
2338,MSDR502
2338,MSDR501
2338,MSDR506
2076,MSDR509
2076,MSDR502
2076,MSDR506
2076,MSDR503
2076,MSDR505
2076,MSDR507
2050,MSDR508
2050,MSDR503
2050,MSDR507
2050,MSDR506
2050,MSDR502
2050,MSDR509
2050,MSDR501
2207,MSPH702
2380,MSPH702
2380,MSPH707
2380,MSPH709
2380,MSPH701
2380,MSPH703
2380,MSPH706
2380,MSPH704
2195,MSPH705
2195,MSPH709
2195,MSPH708
2195,MSPH702
2195,MSPH707
2195,MSPH703
2195,MSPH706
2195,MSPH704
2321,MSPH701
2321,MSPH707
2015,MSPH704
2015,MSPH705
2015,MSPH702
2015,MSPH709
2015,MSPH703
2015,MSPH706
2015,MSPH707
2304,MSPH703
2334,MSPH705
2334,MSPH701
2334,MSPH702
2334,MSPH707
2029,MSPH703
2029,MSPH707
2030,MSPH704
2030,MSPH706
2030,MSPH707
2030,MSPH703
2208,MSPH703
2208,MSPH707
2208,MSPH704
2208,MSPH705
2231,MSPH702
2231,MSPH703
2231,MSPH701
2265,MSPH706
2265,MSPH702
2265,MSPH709
2265,MSPH708
2265,MSPH705
2013,MSPH708
2013,MSPH707
2013,MSPH705
2013,MSPH703
2013,MSPH709
2013,MSPH701
2101,MSPH709
2101,MSPH706
2017,MSPH701
2017,MSPH703
2017,MSPH706
2017,MSPH704
2017,MSPH705
2306,MSPH703
2306,MSPH706
2306,MSPH701
2306,MSPH704
2306,MSPH709
2306,MSPH702
2306,MSPH705
2285,MSPH707
2285,MSPH703
2285,MSPH706
2285,MSPH701
2285,MSPH705
2302,MSPH707
2302,MSPH703
2387,MSPH702
2387,MSPH701
2387,MSPH709
2387,MSPH707
2387,MSPH705
2387,MSPH703
2387,MSPH708
2014,MSPH702
2014,MSPH709
2014,MSPH704
2014,MSPH708
2014,MSPH707
2014,MSPH706
2014,MSPH703
2147,MSHI809
2147,MSHI805
2147,MSHI807
2015,MSHI803
2015,MSHI808
2015,MSHI805
2015,MSHI801
2015,MSHI802
2035,MSHI807
2035,MSHI804
2035,MSHI809
2035,MSHI802
2035,MSHI805
2035,MSHI806
2035,MSHI801
2035,MSHI808
2035,MSHI803
2250,MSHI802
2188,MSHI806
2188,MSHI802
2188,MSHI808
2188,MSHI801
2188,MSHI803
2188,MSHI807
2104,MSHI803
2104,MSHI801
2104,MSHI809
2104,MSHI804
2104,MSHI808
2104,MSHI807
2104,MSHI802
2104,MSHI806
2104,MSHI805
2376,MSHI807
2376,MSHI809
2376,MSHI806
2376,MSHI805
2376,MSHI801
2376,MSHI802
2376,MSHI803
2376,MSHI804
2129,MSHI802
2129,MSHI801
2332,MSHI805
2332,MSHI806
2332,MSHI807
2332,MSHI808
2332,MSHI802
2332,MSHI804
2332,MSHI809
2332,MSHI803
2213,MSHI806
2213,MSHI803
2213,MSHI801
2213,MSHI805
2213,MSHI802
2213,MSHI809
2213,MSHI804
2213,MSHI808
2213,MSHI807
2021,MSHI803
2021,MSHI804
2021,MSHI808
2021,MSHI801
2021,MSHI807
2103,MSHI806
2400,MSHI802
2400,MSHI806
2400,MSHI808
2400,MSHI805
2400,MSHI803
2112,MSHI803
2112,MSHI801
2112,MSHI806
2112,MSHI809
2064,MSHI804
2064,MSHI805
2064,MSHI802
2064,MSHI801
2064,MSHI808
2064,MSHI806
2064,MSHI807
2181,MSHI807
2181,MSHI808
2181,MSHI801
2181,MSHI802
2181,MSHI806
2181,MSHI809
2181,MSHI804
2013,MSHI806
2013,MSHI808
2013,MSHI807
2013,MSHI801
2013,MSHI804
2013,MSHI805
2013,MSHI809
2292,MSHI805
2292,MSHI809
2295,MSHI807
2295,MSHI804
2295,MSHI801
2295,MSHI802
2295,MSHI809
2295,MSHI808
2295,MSHI803
2295,MSHI806
2295,MSHI805
2324,MSHI807
2324,MSHI801
2324,MSHI806
2324,MSHI808
2324,MSHI809
2244,MSBE907
2244,MSBE903
2244,MSBE905
2244,MSBE909
2381,MSBE906
2381,MSBE901
2381,MSBE904
2381,MSBE907
2381,MSBE909
2381,MSBE902
2381,MSBE905
2251,MSBE903
2251,MSBE908
2251,MSBE906
2251,MSBE901
2251,MSBE905
2251,MSBE902
2125,MSBE908
2125,MSBE903
2125,MSBE905
2125,MSBE904
2306,MSBE903
2306,MSBE909
2309,MSBE903
2309,MSBE904
2309,MSBE909
2309,MSBE901
2309,MSBE907
2309,MSBE902
2309,MSBE908
2309,MSBE905
2309,MSBE906
2067,MSBE905
2067,MSBE907
2067,MSBE904
2076,MSBE909
2076,MSBE906
2076,MSBE908
2076,MSBE907
2076,MSBE903
2076,MSBE905
2320,MSBE901
2320,MSBE903
2320,MSBE904
2320,MSBE908
2320,MSBE905
2320,MSBE906
2320,MSBE909
2339,MSBE909
2339,MSBE903
2339,MSBE904
2337,MSBE902
2337,MSBE901
2337,MSBE909
2337,MSBE906
2337,MSBE907
2337,MSBE905
2337,MSBE908
2231,MSBE908
2231,MSBE906
2231,MSBE907
2231,MSBE904
2231,MSBE902
2231,MSBE905
2231,MSBE909
2084,MSBE905
2213,MSBE907
2286,MSBE905
2286,MSBE907
2286,MSBE908
2286,MSBE906
2286,MSBE903
2286,MSBE902
2023,MSBE903
2023,MSBE904
2023,MSBE907
2023,MSBE909
2101,MSBE905
2101,MSBE902
2032,MSBE905
2198,MSBE907
2198,MSBE904
2198,MSBE905
2198,MSBE909
2198,MSBE906
2198,MSBE908
2360,MSBE902
2276,MSCE113
2276,MSCE117
2276,MSCE116
2276,MSCE112
2276,MSCE118
2276,MSCE114
2276,MSCE111
2276,MSCE119
2114,MSCE113
2114,MSCE116
2002,MSCE113
2031,MSCE114
2031,MSCE111
2260,MSCE115
2212,MSCE115
2212,MSCE116
2212,MSCE114
2212,MSCE111
2212,MSCE119
2212,MSCE112
2362,MSCE115
2362,MSCE119
2362,MSCE113
2362,MSCE112
2362,MSCE118
2362,MSCE116
2362,MSCE114
2362,MSCE117
2103,MSCE112
2103,MSCE118
2103,MSCE117
2103,MSCE116
2103,MSCE114
2103,MSCE113
2243,MSCE115
2243,MSCE119
2243,MSCE117
2257,MSCE115
2257,MSCE118
2257,MSCE117
2257,MSCE113
2257,MSCE114
2257,MSCE111
2257,MSCE119
2257,MSCE112
2382,MSCE114
2382,MSCE117
2382,MSCE111
2308,MSCE119
2308,MSCE116
2043,MSCE112
2043,MSCE119
2043,MSCE116
2035,MSCE115
2035,MSCE114
2035,MSCE113
2035,MSCE112
2035,MSCE116
2104,MSCE117
2104,MSCE116
2104,MSCE115
2104,MSCE118
2104,MSCE111
2104,MSCE119
2104,MSCE112
2194,MSCE113
2194,MSCE111
2194,MSCE117
2194,MSCE114
2194,MSCE119
2194,MSCE112
2194,MSCE115
2194,MSCE118
2194,MSCE116
2389,MSCE112
2389,MSCE117
2389,MSCE114
2184,MSCE116
2184,MSCE119
2184,MSCE113
2184,MSCE115
2184,MSCE118
2184,MSCE112
2184,MSCE114
2184,MSCE111
2184,MSCE117
2240,MSCE118
2240,MSCE113
2240,MSCE114
2240,MSCE117
2240,MSCE119
2240,MSCE111
2240,MSCE112
2240,MSCE115
2240,MSCE116
2051,MSCE113
2051,MSCE116
2051,MSCE114
2051,MSCE111
2333,MSDA403
2333,MSDA407
2333,MSDA401
2333,MSDA404
2333,MSDA402
2333,MSDA405
2289,MSDA405
2289,MSDA403
2289,MSDA408
2289,MSDA407
2289,MSDA404
2289,MSDA409
2028,MSDA403
2028,MSDA402
2028,MSDA407
2140,MSDA406
2140,MSDA402
2140,MSDA409
2140,MSDA404
2140,MSDA401
2140,MSDA403
2140,MSDA407
2140,MSDA408
2090,MSDA406
2090,MSDA405
2090,MSDA402
2090,MSDA403
2090,MSDA409
2090,MSDA408
2180,MSDA408
2180,MSDA404
2180,MSDA403
2180,MSDA409
2227,MSDA408
2344,MSDA407
2344,MSDA401
2344,MSDA408
2004,MSDA409
2004,MSDA404
2004,MSDA402
2004,MSDA407
2004,MSDA403
2004,MSDA405
2004,MSDA408
2326,MSDA407
2326,MSDA404
2326,MSDA409
2326,MSDA406
2326,MSDA408
2326,MSDA401
2326,MSDA402
2326,MSDA403
2326,MSDA405
2156,MSDA404
2156,MSDA407
2156,MSDA402
2156,MSDA406
2156,MSDA401
2156,MSDA403
2154,MSDA402
2154,MSDA404
2154,MSDA403
2154,MSDA409
2154,MSDA401
2154,MSDA407
2025,MSDA409
2025,MSDA404
2025,MSDA405
2025,MSDA408
2025,MSDA403
2107,MSDA408
2107,MSDA409
2107,MSDA401
2107,MSDA407
2107,MSDA405
2107,MSDA402
2107,MSDA404
2079,MSDA406
2079,MSDA407
2079,MSDA405
2079,MSDA408
2079,MSDA404
2079,MSDA409
2079,MSDA402
2040,MSDA407
2040,MSDA401
2040,MSDA403
2040,MSDA408
2040,MSDA406
2390,MSDA403
2390,MSDA407
2390,MSDA408
2390,MSDA406
2390,MSDA402
2390,MSDA404
2390,MSDA409
2399,MSDA401
2399,MSDA407
2399,MSDA403
2399,MSDA408
2399,MSDA402
2399,MSDA405
2399,MSDA404
2228,MSDA407
2252,MSDA406
2252,MSDA407
2252,MSDA402
2252,MSDA404
2252,MSDA408
2252,MSDA403
2252,MSDA401
2310,E0135
2310,E0134
2310,E0131
2310,E0132
2310,E0133
2236,E0135
2236,E0133
2236,E0131
2236,E0132
2236,E0134
2368,E0132
2368,E0131
2368,E0135
2368,E0133
2368,E0134
2303,E0131
2303,E0132
2303,E0134
2303,E0133
2303,E0135
2299,E0132
2299,E0135
2299,E0133
2299,E0134
2299,E0131
2386,E0131
2386,E0135
2386,E0133
2386,E0132
2386,E0134
2225,E0134
2225,E0135
2225,E0132
2225,E0133
2225,E0131
2298,E0133
2298,E0135
2298,E0131
2298,E0132
2298,E0134
2355,E0134
2355,E0131
2355,E0133
2355,E0135
2355,E0132
2328,E0135
2328,E0133
2328,E0134
2328,E0132
2328,E0131
2312,E0133
2312,E0135
2312,E0132
2312,E0131
2312,E0134
2178,E0131
2178,E0135
2178,E0132
2178,E0133
2178,E0134
2270,E0134
2270,E0132
2270,E0135
2270,E0133
2270,E0131
2080,E0135
2080,E0131
2080,E0134
2080,E0132
2080,E0133
2111,E0135
2111,E0131
2111,E0132
2111,E0134
2111,E0133
2196,E0134
2196,E0135
2196,E0132
2196,E0133
2196,E0131
2319,E0132
2319,E0135
2319,E0134
2319,E0131
2319,E0133
2375,E0133
2375,E0135
2375,E0134
2375,E0131
2375,E0132
2146,E0135
2146,E0134
2146,E0133
2146,E0131
2146,E0132
2120,E0133
2120,E0135
2120,E0131
2120,E0134
2120,E0132
2183,MSAI104
2183,MSAI107
2183,MSAI106
2183,MSAI109
2183,MSAI102
2116,MSAI106
2116,MSAI102
2116,MSAI105
2116,MSAI101
2116,MSAI108
2269,MSAI102
2269,MSAI107
2269,MSAI108
2269,MSAI104
2269,MSAI103
2091,MSAI101
2091,MSAI107
2091,MSAI109
2091,MSAI102
2091,MSAI105
2280,MSAI104
2280,MSAI109
2280,MSAI103
2280,MSAI107
2280,MSAI102
2358,MSAI105
2358,MSAI103
2358,MSAI101
2358,MSAI107
2358,MSAI106
2215,MSAI109
2215,MSAI103
2215,MSAI104
2215,MSAI108
2215,MSAI102
2211,MSAI102
2211,MSAI106
2211,MSAI107
2211,MSAI103
2211,MSAI109
2024,MSAI102
2024,MSAI104
2024,MSAI107
2024,MSAI108
2024,MSAI101
2237,MSAI109
2237,MSAI101
2237,MSAI107
2237,MSAI106
2237,MSAI103
2388,MSAI101
2388,MSAI107
2388,MSAI109
2388,MSAI105
2388,MSAI103
2045,MSAI103
2045,MSAI104
2045,MSAI106
2045,MSAI102
2045,MSAI101
2384,MSAI108
2384,MSAI107
2384,MSAI104
2384,MSAI109
2384,MSAI103
2020,MSAI103
2020,MSAI101
2020,MSAI105
2020,MSAI104
2020,MSAI106
2075,MSAI106
2075,MSAI105
2075,MSAI101
2075,MSAI102
2075,MSAI109
2396,MSAI102
2396,MSAI104
2396,MSAI105
2396,MSAI101
2396,MSAI107
2226,MSAI109
2226,MSAI105
2226,MSAI103
2226,MSAI101
2226,MSAI108
2385,MSAI108
2385,MSAI107
2385,MSAI106
2385,MSAI102
2385,MSAI103
2115,MSAI105
2115,MSAI103
2115,MSAI108
2115,MSAI109
2115,MSAI106
2191,MSAI102
2191,MSAI107
2191,MSAI108
2191,MSAI109
2191,MSAI103
2204,A0535
2204,A0534
2204,A0533
2204,A0531
2204,A0532
2197,A0532
2197,A0534
2197,A0533
2197,A0535
2197,A0531
2230,A0535
2230,A0533
2230,A0534
2230,A0532
2230,A0531
2152,A0534
2152,A0531
2152,A0535
2152,A0532
2152,A0533
2009,A0531
2009,A0534
2009,A0535
2009,A0532
2009,A0533
2099,A0534
2099,A0531
2099,A0533
2099,A0535
2099,A0532
2138,A0534
2138,A0533
2138,A0532
2138,A0535
2138,A0531
2159,A0535
2159,A0532
2159,A0531
2159,A0534
2159,A0533
2093,A0533
2093,A0534
2093,A0532
2093,A0535
2093,A0531
2172,A0531
2172,A0532
2172,A0533
2172,A0534
2172,A0535
2345,A0534
2345,A0532
2345,A0531
2345,A0535
2345,A0533
2377,A0534
2377,A0532
2377,A0533
2377,A0535
2377,A0531
2135,A0532
2135,A0531
2135,A0535
2135,A0533
2135,A0534
2118,A0531
2118,A0535
2118,A0533
2118,A0534
2118,A0532
2049,A0535
2049,A0534
2049,A0531
2049,A0533
2049,A0532
2055,A0532
2055,A0535
2055,A0533
2055,A0534
2055,A0531
2122,A0532
2122,A0531
2122,A0535
2122,A0534
2122,A0533
2259,A0533
2259,A0535
2259,A0532
2259,A0531
2259,A0534
2150,A0532
2150,A0531
2150,A0533
2150,A0535
2150,A0534
2174,A0531
2174,A0533
2174,A0534
2174,A0532
2174,A0535
2352,A1035
2352,A1033
2352,A1034
2352,A1032
2352,A1031
2282,A1033
2282,A1031
2282,A1034
2282,A1032
2282,A1035
2077,A1035
2077,A1034
2077,A1033
2077,A1032
2077,A1031
2223,A1032
2223,A1031
2223,A1035
2223,A1033
2223,A1034
2042,A1031
2042,A1033
2042,A1035
2042,A1034
2042,A1032
2253,A1032
2253,A1033
2253,A1035
2253,A1031
2253,A1034
2167,A1031
2167,A1035
2167,A1033
2167,A1034
2167,A1032
2297,A1034
2297,A1031
2297,A1033
2297,A1032
2297,A1035
2175,A1035
2175,A1034
2175,A1032
2175,A1033
2175,A1031
2003,A1035
2003,A1033
2003,A1034
2003,A1031
2003,A1032
2056,A1035
2056,A1033
2056,A1034
2056,A1031
2056,A1032
2062,A1035
2062,A1032
2062,A1033
2062,A1031
2062,A1034
2128,A1034
2128,A1032
2128,A1031
2128,A1033
2128,A1035
2097,A1035
2097,A1033
2097,A1031
2097,A1032
2097,A1034
2281,A1031
2281,A1035
2281,A1034
2281,A1033
2281,A1032
2372,A1034
2372,A1032
2372,A1031
2372,A1033
2372,A1035
2094,A1032
2094,A1035
2094,A1031
2094,A1033
2094,A1034
2126,A1031
2126,A1032
2126,A1034
2126,A1035
2126,A1033
2199,A1033
2199,A1034
2199,A1031
2199,A1032
2199,A1035
2153,A1033
2153,A1032
2153,A1035
2153,A1031
2153,A1034
2374,MAAE603
2374,MAAE609
2374,MAAE608
2374,MAAE602
2374,MAAE607
2127,MAAE608
2127,MAAE601
2127,MAAE607
2127,MAAE605
2127,MAAE606
2353,MAAE602
2353,MAAE603
2353,MAAE608
2353,MAAE604
2353,MAAE605
2048,MAAE602
2048,MAAE609
2048,MAAE605
2048,MAAE601
2048,MAAE604
2267,MAAE609
2267,MAAE602
2267,MAAE603
2267,MAAE608
2267,MAAE601
2179,MAAE603
2179,MAAE602
2179,MAAE607
2179,MAAE608
2179,MAAE604
2130,MAAE609
2130,MAAE605
2130,MAAE606
2130,MAAE602
2130,MAAE601
2367,MAAE609
2367,MAAE603
2367,MAAE607
2367,MAAE602
2367,MAAE608
2383,MAAE602
2383,MAAE606
2383,MAAE605
2383,MAAE603
2383,MAAE601
2078,MAAE601
2078,MAAE602
2078,MAAE609
2078,MAAE605
2078,MAAE604
2057,MAAE603
2057,MAAE606
2057,MAAE607
2057,MAAE601
2057,MAAE602
2359,MAAE609
2359,MAAE606
2359,MAAE607
2359,MAAE605
2359,MAAE601
2379,MAAE601
2379,MAAE605
2379,MAAE609
2379,MAAE602
2379,MAAE606
2263,MAAE609
2263,MAAE603
2263,MAAE606
2263,MAAE601
2263,MAAE605
2006,MAAE603
2006,MAAE604
2006,MAAE605
2006,MAAE606
2006,MAAE608
2053,MAAE606
2053,MAAE604
2053,MAAE607
2053,MAAE605
2053,MAAE601
2124,MAAE602
2124,MAAE603
2124,MAAE609
2124,MAAE608
2124,MAAE604
2139,MAAE606
2139,MAAE604
2139,MAAE601
2139,MAAE602
2139,MAAE609
2323,MAAE606
2323,MAAE609
2323,MAAE607
2323,MAAE601
2323,MAAE608
2327,MAAE604
2327,MAAE606
2327,MAAE602
2327,MAAE601
2327,MAAE605
2366,I1433
2366,I1435
2366,I1431
2366,I1434
2366,I1432
2063,I1433
2063,I1431
2063,I1434
2063,I1435
2063,I1432
2356,I1432
2356,I1433
2356,I1435
2356,I1434
2356,I1431
2398,I1434
2398,I1435
2398,I1431
2398,I1433
2398,I1432
2373,I1432
2373,I1435
2373,I1434
2373,I1433
2373,I1431
2258,I1435
2258,I1432
2258,I1431
2258,I1433
2258,I1434
2171,I1435
2171,I1432
2171,I1433
2171,I1431
2171,I1434
2082,I1435
2082,I1434
2082,I1433
2082,I1432
2082,I1431
2361,I1434
2361,I1433
2361,I1432
2361,I1431
2361,I1435
2047,I1432
2047,I1435
2047,I1431
2047,I1434
2047,I1433
2233,I1433
2233,I1431
2233,I1434
2233,I1432
2233,I1435
2161,I1432
2161,I1431
2161,I1435
2161,I1433
2161,I1434
2038,I1433
2038,I1435
2038,I1432
2038,I1431
2038,I1434
2371,I1434
2371,I1433
2371,I1431
2371,I1432
2371,I1435
2110,I1433
2110,I1432
2110,I1434
2110,I1431
2110,I1435
2036,I1432
2036,I1434
2036,I1433
2036,I1431
2036,I1435
2247,I1431
2247,I1435
2247,I1433
2247,I1432
2247,I1434
2072,I1432
2072,I1434
2072,I1435
2072,I1433
2072,I1431
2393,I1431
2393,I1434
2393,I1435
2393,I1432
2393,I1433
2315,I1435
2315,I1433
2315,I1431
2315,I1434
2315,I1432
2278,E1733
2278,E1732
2278,E1734
2278,E1731
2278,E1735
2142,E1734
2142,E1731
2142,E1732
2142,E1733
2142,E1735
2245,E1731
2245,E1732
2245,E1735
2245,E1734
2245,E1733
2357,E1735
2357,E1733
2357,E1734
2357,E1732
2357,E1731
2218,E1732
2218,E1731
2218,E1735
2218,E1733
2218,E1734
2232,E1734
2232,E1735
2232,E1731
2232,E1732
2232,E1733
2137,E1735
2137,E1731
2137,E1732
2137,E1733
2137,E1734
2190,E1734
2190,E1732
2190,E1733
2190,E1735
2190,E1731
2008,E1735
2008,E1731
2008,E1734
2008,E1732
2008,E1733
2136,E1734
2136,E1733
2136,E1735
2136,E1732
2136,E1731
2086,E1735
2086,E1732
2086,E1734
2086,E1733
2086,E1731
2222,E1732
2222,E1731
2222,E1733
2222,E1735
2222,E1734
2033,E1735
2033,E1732
2033,E1733
2033,E1734
2033,E1731
2210,E1733
2210,E1731
2210,E1735
2210,E1732
2210,E1734
2133,E1733
2133,E1735
2133,E1731
2133,E1732
2133,E1734
2011,E1733
2011,E1735
2011,E1734
2011,E1731
2011,E1732
2369,E1732
2369,E1733
2369,E1734
2369,E1735
2369,E1731
2039,E1734
2039,E1735
2039,E1731
2039,E1733
2039,E1732
2318,E1733
2318,E1732
2318,E1734
2318,E1731
2318,E1735
2034,E1734
2034,E1733
2034,E1732
2034,E1735
2034,E1731
2157,E1833
2157,E1834
2157,E1835
2157,E1832
2157,E1831
2185,E1832
2185,E1831
2185,E1834
2185,E1835
2185,E1833
2342,E1833
2342,E1831
2342,E1835
2342,E1832
2342,E1834
2044,E1834
2044,E1831
2044,E1833
2044,E1835
2044,E1832
2354,E1833
2354,E1831
2354,E1834
2354,E1832
2354,E1835
2061,E1831
2061,E1835
2061,E1833
2061,E1834
2061,E1832
2018,E1833
2018,E1834
2018,E1832
2018,E1831
2018,E1835
2273,E1833
2273,E1834
2273,E1835
2273,E1832
2273,E1831
2217,E1832
2217,E1834
2217,E1831
2217,E1833
2217,E1835
2177,E1834
2177,E1835
2177,E1833
2177,E1831
2177,E1832
2255,E1835
2255,E1834
2255,E1831
2255,E1832
2255,E1833
2041,E1835
2041,E1833
2041,E1834
2041,E1832
2041,E1831
2073,E1833
2073,E1832
2073,E1831
2073,E1835
2073,E1834
2158,E1832
2158,E1834
2158,E1835
2158,E1833
2158,E1831
2066,E1835
2066,E1831
2066,E1834
2066,E1833
2066,E1832
2022,E1832
2022,E1834
2022,E1833
2022,E1835
2022,E1831
2119,E1835
2119,E1831
2119,E1834
2119,E1833
2119,E1832
2275,E1831
2275,E1834
2275,E1832
2275,E1833
2275,E1835
2363,E1834
2363,E1831
2363,E1832
2363,E1835
2363,E1833
2349,E1833
2349,E1831
2349,E1835
2349,E1834
2349,E1832
2007,MSDS205
2007,MSDS204
2007,MSDS208
2007,MSDS201
2007,MSDS209
2052,MSDS201
2052,MSDS202
2052,MSDS205
2052,MSDS206
2052,MSDS203
2229,MSDS209
2229,MSDS206
2229,MSDS208
2229,MSDS202
2229,MSDS205
2248,MSDS208
2248,MSDS204
2248,MSDS205
2248,MSDS201
2248,MSDS203
2173,MSDS201
2173,MSDS205
2173,MSDS209
2173,MSDS202
2173,MSDS204
2112,MSDS204
2112,MSDS202
2112,MSDS209
2112,MSDS206
2112,MSDS208
2198,MSDS207
2198,MSDS204
2198,MSDS201
2198,MSDS209
2198,MSDS208
2031,MSDS205
2031,MSDS202
2031,MSDS201
2031,MSDS208
2031,MSDS207
2320,MSDS209
2320,MSDS205
2320,MSDS207
2320,MSDS201
2320,MSDS206
2037,MSDS208
2037,MSDS207
2037,MSDS204
2037,MSDS202
2037,MSDS206
2104,MSDS209
2104,MSDS204
2104,MSDS207
2104,MSDS202
2104,MSDS205
2155,MSDS209
2155,MSDS207
2155,MSDS201
2155,MSDS203
2155,MSDS206
2330,MSDS204
2330,MSDS201
2330,MSDS208
2330,MSDS209
2330,MSDS203
2260,MSDS202
2260,MSDS205
2260,MSDS208
2260,MSDS207
2260,MSDS204
2300,MSDS209
2300,MSDS207
2300,MSDS208
2300,MSDS205
2300,MSDS202
2200,MSDS207
2200,MSDS204
2200,MSDS206
2200,MSDS209
2200,MSDS203
2364,MSDS209
2364,MSDS205
2364,MSDS206
2364,MSDS202
2364,MSDS207
2129,MSDS205
2129,MSDS206
2129,MSDS204
2129,MSDS208
2129,MSDS209
2274,MSDS202
2274,MSDS205
2274,MSDS209
2274,MSDS206
2274,MSDS208
2088,MSDS202
2088,MSDS209
2088,MSDS207
2088,MSDS208
2088,MSDS204
2286,MSFI303
2286,MSFI302
2286,MSFI304
2286,MSFI301
2286,MSFI306
2052,MSFI307
2052,MSFI306
2052,MSFI308
2052,MSFI309
2052,MSFI301
2274,MSFI304
2274,MSFI305
2274,MSFI302
2274,MSFI301
2274,MSFI309
2071,MSFI305
2071,MSFI309
2071,MSFI304
2071,MSFI306
2071,MSFI307
2314,MSFI306
2314,MSFI301
2314,MSFI302
2314,MSFI307
2314,MSFI305
2360,MSFI303
2360,MSFI306
2360,MSFI304
2360,MSFI305
2360,MSFI301
2334,MSFI305
2334,MSFI307
2334,MSFI304
2334,MSFI302
2334,MSFI303
2378,MSFI306
2378,MSFI302
2378,MSFI304
2378,MSFI307
2378,MSFI301
2187,MSFI301
2187,MSFI303
2187,MSFI304
2187,MSFI307
2187,MSFI306
2021,MSFI308
2021,MSFI306
2021,MSFI302
2021,MSFI307
2021,MSFI304
2202,MSFI309
2202,MSFI304
2202,MSFI308
2202,MSFI306
2202,MSFI307
2380,MSFI307
2380,MSFI302
2380,MSFI308
2380,MSFI309
2380,MSFI305
2005,MSFI303
2005,MSFI305
2005,MSFI307
2005,MSFI308
2005,MSFI301
2382,MSFI304
2382,MSFI301
2382,MSFI303
2382,MSFI305
2382,MSFI307
2012,MSFI305
2012,MSFI304
2012,MSFI302
2012,MSFI306
2012,MSFI309
2203,MSFI308
2203,MSFI307
2203,MSFI306
2203,MSFI301
2203,MSFI309
2054,MSFI304
2054,MSFI308
2054,MSFI307
2054,MSFI305
2054,MSFI302
2288,MSFI302
2288,MSFI309
2288,MSFI308
2288,MSFI303
2288,MSFI305
2147,MSFI301
2147,MSFI306
2147,MSFI309
2147,MSFI302
2147,MSFI305
2335,MSFI306
2335,MSFI305
2335,MSFI302
2335,MSFI303
2335,MSFI309
2316,MSDR505
2316,MSDR507
2316,MSDR501
2316,MSDR506
2316,MSDR502
2235,MSDR504
2235,MSDR503
2235,MSDR505
2235,MSDR506
2235,MSDR509
2035,MSDR506
2035,MSDR503
2035,MSDR507
2035,MSDR502
2035,MSDR504
2234,MSDR507
2234,MSDR509
2234,MSDR502
2234,MSDR503
2234,MSDR504
2007,MSDR505
2007,MSDR504
2007,MSDR502
2007,MSDR506
2007,MSDR503
2231,MSDR505
2231,MSDR509
2231,MSDR502
2231,MSDR507
2231,MSDR501
2148,MSDR505
2148,MSDR508
2148,MSDR503
2148,MSDR509
2148,MSDR504
2341,MSDR509
2341,MSDR501
2341,MSDR506
2341,MSDR503
2341,MSDR505
2001,MSDR502
2001,MSDR508
2001,MSDR503
2001,MSDR506
2001,MSDR507
2101,MSDR504
2101,MSDR503
2101,MSDR507
2101,MSDR509
2101,MSDR505
2201,MSDR504
2201,MSDR509
2201,MSDR503
2201,MSDR508
2201,MSDR505
2065,MSDR508
2065,MSDR509
2065,MSDR502
2065,MSDR501
2065,MSDR504
2241,MSDR506
2241,MSDR507
2241,MSDR503
2241,MSDR502
2241,MSDR504
2149,MSDR501
2149,MSDR509
2149,MSDR503
2149,MSDR506
2149,MSDR504
2200,MSDR505
2200,MSDR509
2200,MSDR501
2200,MSDR504
2200,MSDR508
2293,MSDR507
2293,MSDR509
2293,MSDR504
2293,MSDR502
2293,MSDR501
2109,MSDR502
2109,MSDR505
2109,MSDR504
2109,MSDR506
2109,MSDR509
2338,MSDR506
2338,MSDR505
2338,MSDR508
2338,MSDR504
2338,MSDR502
2076,MSDR507
2076,MSDR502
2076,MSDR504
2076,MSDR501
2076,MSDR505
2050,MSDR507
2050,MSDR502
2050,MSDR501
2050,MSDR504
2050,MSDR503
2309,H1335
2309,H1332
2309,H1331
2309,H1333
2309,H1334
2202,H1332
2202,H1334
2202,H1331
2202,H1335
2202,H1333
2389,H1331
2389,H1332
2389,H1335
2389,H1334
2389,H1333
2015,H1334
2015,H1333
2015,H1331
2015,H1332
2015,H1335
2264,H1334
2264,H1332
2264,H1335
2264,H1331
2264,H1333
2320,H1331
2320,H1332
2320,H1335
2320,H1333
2320,H1334
2351,H1334
2351,H1332
2351,H1335
2351,H1331
2351,H1333
2144,H1335
2144,H1332
2144,H1333
2144,H1331
2144,H1334
2376,H1335
2376,H1333
2376,H1334
2376,H1332
2376,H1331
2243,H1333
2243,H1332
2243,H1335
2243,H1334
2243,H1331
2336,H1331
2336,H1333
2336,H1335
2336,H1334
2336,H1332
2241,H1335
2241,H1333
2241,H1332
2241,H1334
2241,H1331
2306,H1333
2306,H1332
2306,H1334
2306,H1331
2306,H1335
2338,H1331
2338,H1332
2338,H1334
2338,H1333
2338,H1335
2362,H1333
2362,H1335
2362,H1331
2362,H1334
2362,H1332
2239,H1333
2239,H1331
2239,H1332
2239,H1334
2239,H1335
2291,H1333
2291,H1331
2291,H1332
2291,H1335
2291,H1334
2058,H1332
2058,H1334
2058,H1335
2058,H1333
2058,H1331
2017,H1335
2017,H1333
2017,H1332
2017,H1334
2017,H1331
2261,H1331
2261,H1333
2261,H1334
2261,H1332
2261,H1335
2207,MSPH704
2207,MSPH702
2207,MSPH709
2207,MSPH701
2207,MSPH705
2380,MSPH702
2380,MSPH704
2380,MSPH701
2380,MSPH706
2380,MSPH709
2195,MSPH701
2195,MSPH708
2195,MSPH707
2195,MSPH702
2195,MSPH705
2321,MSPH707
2321,MSPH703
2321,MSPH702
2321,MSPH704
2321,MSPH701
2015,MSPH704
2015,MSPH706
2015,MSPH709
2015,MSPH702
2015,MSPH701
2304,MSPH706
2304,MSPH701
2304,MSPH704
2304,MSPH702
2304,MSPH703
2334,MSPH708
2334,MSPH706
2334,MSPH707
2334,MSPH702
2334,MSPH701
2029,MSPH705
2029,MSPH704
2029,MSPH708
2029,MSPH703
2029,MSPH709
2030,MSPH705
2030,MSPH703
2030,MSPH704
2030,MSPH709
2030,MSPH706
2208,MSPH708
2208,MSPH709
2208,MSPH707
2208,MSPH701
2208,MSPH706
2231,MSPH705
2231,MSPH703
2231,MSPH709
2231,MSPH708
2231,MSPH702
2265,MSPH706
2265,MSPH705
2265,MSPH703
2265,MSPH702
2265,MSPH707
2013,MSPH701
2013,MSPH707
2013,MSPH706
2013,MSPH704
2013,MSPH703
2101,MSPH703
2101,MSPH705
2101,MSPH704
2101,MSPH709
2101,MSPH702
2017,MSPH707
2017,MSPH701
2017,MSPH708
2017,MSPH704
2017,MSPH702
2306,MSPH708
2306,MSPH706
2306,MSPH705
2306,MSPH707
2306,MSPH704
2285,MSPH709
2285,MSPH703
2285,MSPH701
2285,MSPH707
2285,MSPH706
2302,MSPH702
2302,MSPH706
2302,MSPH703
2302,MSPH701
2302,MSPH708
2387,MSPH704
2387,MSPH707
2387,MSPH702
2387,MSPH708
2387,MSPH709
2014,MSPH706
2014,MSPH701
2014,MSPH704
2014,MSPH708
2014,MSPH705
2147,MSHI809
2147,MSHI808
2147,MSHI807
2147,MSHI803
2147,MSHI805
2015,MSHI805
2015,MSHI808
2015,MSHI801
2015,MSHI806
2015,MSHI802
2035,MSHI803
2035,MSHI806
2035,MSHI801
2035,MSHI807
2035,MSHI804
2250,MSHI803
2250,MSHI807
2250,MSHI809
2250,MSHI802
2250,MSHI806
2188,MSHI806
2188,MSHI801
2188,MSHI807
2188,MSHI803
2188,MSHI808
2104,MSHI801
2104,MSHI806
2104,MSHI802
2104,MSHI805
2104,MSHI808
2376,MSHI805
2376,MSHI808
2376,MSHI806
2376,MSHI807
2376,MSHI801
2129,MSHI808
2129,MSHI806
2129,MSHI802
2129,MSHI804
2129,MSHI803
2332,MSHI808
2332,MSHI809
2332,MSHI806
2332,MSHI805
2332,MSHI801
2213,MSHI802
2213,MSHI809
2213,MSHI803
2213,MSHI801
2213,MSHI804
2021,MSHI805
2021,MSHI801
2021,MSHI803
2021,MSHI804
2021,MSHI807
2103,MSHI809
2103,MSHI801
2103,MSHI808
2103,MSHI804
2103,MSHI805
2400,MSHI802
2400,MSHI806
2400,MSHI807
2400,MSHI801
2400,MSHI803
2112,MSHI805
2112,MSHI808
2112,MSHI807
2112,MSHI801
2112,MSHI809
2064,MSHI802
2064,MSHI809
2064,MSHI807
2064,MSHI806
2064,MSHI808
2181,MSHI808
2181,MSHI801
2181,MSHI803
2181,MSHI805
2181,MSHI806
2013,MSHI802
2013,MSHI806
2013,MSHI807
2013,MSHI804
2013,MSHI809
2292,MSHI808
2292,MSHI804
2292,MSHI802
2292,MSHI805
2292,MSHI809
2295,MSHI802
2295,MSHI805
2295,MSHI804
2295,MSHI806
2295,MSHI801
2324,MSHI803
2324,MSHI804
2324,MSHI809
2324,MSHI807
2324,MSHI802
2244,MSBE907
2244,MSBE906
2244,MSBE908
2244,MSBE905
2244,MSBE904
2381,MSBE908
2381,MSBE902
2381,MSBE909
2381,MSBE907
2381,MSBE905
2251,MSBE907
2251,MSBE905
2251,MSBE901
2251,MSBE909
2251,MSBE908
2125,MSBE908
2125,MSBE903
2125,MSBE909
2125,MSBE902
2125,MSBE901
2306,MSBE901
2306,MSBE908
2306,MSBE905
2306,MSBE902
2306,MSBE909
2309,MSBE905
2309,MSBE909
2309,MSBE906
2309,MSBE907
2309,MSBE901
2067,MSBE906
2067,MSBE903
2067,MSBE907
2067,MSBE901
2067,MSBE902
2076,MSBE902
2076,MSBE903
2076,MSBE907
2076,MSBE906
2076,MSBE901
2320,MSBE902
2320,MSBE901
2320,MSBE903
2320,MSBE906
2320,MSBE909
2339,MSBE901
2339,MSBE909
2339,MSBE906
2339,MSBE903
2339,MSBE907
2337,MSBE903
2337,MSBE902
2337,MSBE907
2337,MSBE901
2337,MSBE904
2231,MSBE901
2231,MSBE904
2231,MSBE907
2231,MSBE908
2231,MSBE905
2084,MSBE907
2084,MSBE904
2084,MSBE903
2084,MSBE902
2084,MSBE909
2213,MSBE904
2213,MSBE907
2213,MSBE901
2213,MSBE906
2213,MSBE905
2286,MSBE904
2286,MSBE907
2286,MSBE908
2286,MSBE901
2286,MSBE905
2023,MSBE905
2023,MSBE906
2023,MSBE909
2023,MSBE903
2023,MSBE908
2101,MSBE909
2101,MSBE904
2101,MSBE908
2101,MSBE903
2101,MSBE906
2032,MSBE908
2032,MSBE901
2032,MSBE905
2032,MSBE909
2032,MSBE904
2198,MSBE903
2198,MSBE906
2198,MSBE907
2198,MSBE909
2198,MSBE905
2360,MSBE903
2360,MSBE906
2360,MSBE908
2360,MSBE902
2360,MSBE909
2276,MSCE119
2276,MSCE113
2276,MSCE112
2276,MSCE118
2276,MSCE111
2114,MSCE112
2114,MSCE115
2114,MSCE119
2114,MSCE116
2114,MSCE117
2002,MSCE119
2002,MSCE113
2002,MSCE114
2002,MSCE118
2002,MSCE117
2031,MSCE113
2031,MSCE119
2031,MSCE111
2031,MSCE117
2031,MSCE118
2260,MSCE112
2260,MSCE119
2260,MSCE117
2260,MSCE118
2260,MSCE116
2212,MSCE119
2212,MSCE118
2212,MSCE113
2212,MSCE114
2212,MSCE117
2362,MSCE116
2362,MSCE115
2362,MSCE117
2362,MSCE111
2362,MSCE112
2103,MSCE116
2103,MSCE118
2103,MSCE112
2103,MSCE119
2103,MSCE117
2243,MSCE119
2243,MSCE113
2243,MSCE114
2243,MSCE116
2243,MSCE112
2257,MSCE119
2257,MSCE116
2257,MSCE114
2257,MSCE112
2257,MSCE118
2382,MSCE117
2382,MSCE118
2382,MSCE113
2382,MSCE112
2382,MSCE115
2308,MSCE115
2308,MSCE119
2308,MSCE117
2308,MSCE111
2308,MSCE118
2043,MSCE115
2043,MSCE111
2043,MSCE116
2043,MSCE113
2043,MSCE117
2035,MSCE114
2035,MSCE118
2035,MSCE113
2035,MSCE117
2035,MSCE112
2104,MSCE111
2104,MSCE113
2104,MSCE119
2104,MSCE117
2104,MSCE112
2194,MSCE117
2194,MSCE114
2194,MSCE115
2194,MSCE112
2194,MSCE116
2389,MSCE116
2389,MSCE112
2389,MSCE113
2389,MSCE111
2389,MSCE118
2184,MSCE115
2184,MSCE116
2184,MSCE111
2184,MSCE114
2184,MSCE112
2240,MSCE119
2240,MSCE117
2240,MSCE116
2240,MSCE112
2240,MSCE111
2051,MSCE115
2051,MSCE116
2051,MSCE118
2051,MSCE117
2051,MSCE112
2340,I0233
2340,I0231
2340,I0232
2340,I0234
2340,I0235
2083,I0235
2083,I0233
2083,I0232
2083,I0231
2083,I0234
2294,I0235
2294,I0232
2294,I0234
2294,I0231
2294,I0233
2160,I0234
2160,I0233
2160,I0235
2160,I0231
2160,I0232
2256,I0234
2256,I0235
2256,I0232
2256,I0231
2256,I0233
2010,I0232
2010,I0231
2010,I0235
2010,I0233
2010,I0234
2313,I0232
2313,I0235
2313,I0231
2313,I0234
2313,I0233
2166,I0234
2166,I0231
2166,I0232
2166,I0235
2166,I0233
2095,I0231
2095,I0233
2095,I0234
2095,I0232
2095,I0235
2242,I0231
2242,I0232
2242,I0234
2242,I0233
2242,I0235
2347,I0232
2347,I0233
2347,I0231
2347,I0235
2347,I0234
2209,I0235
2209,I0232
2209,I0231
2209,I0233
2209,I0234
2214,I0233
2214,I0234
2214,I0235
2214,I0232
2214,I0231
2344,I0231
2344,I0235
2344,I0234
2344,I0232
2344,I0233
2224,I0235
2224,I0234
2224,I0233
2224,I0232
2224,I0231
2289,I0232
2289,I0235
2289,I0233
2289,I0234
2289,I0231
2087,I0232
2087,I0235
2087,I0233
2087,I0234
2087,I0231
2113,I0235
2113,I0233
2113,I0231
2113,I0234
2113,I0232
2176,I0232
2176,I0233
2176,I0235
2176,I0231
2176,I0234
2268,I0234
2268,I0235
2268,I0233
2268,I0231
2268,I0232
2305,M0634
2305,M0633
2305,M0632
2305,M0631
2305,M0635
2392,M0633
2392,M0635
2392,M0632
2392,M0631
2392,M0634
2311,M0633
2311,M0632
2311,M0634
2311,M0635
2311,M0631
2271,M0632
2271,M0631
2271,M0633
2271,M0634
2271,M0635
2060,M0631
2060,M0634
2060,M0635
2060,M0632
2060,M0633
2256,M0634
2256,M0631
2256,M0633
2256,M0632
2256,M0635
2277,M0631
2277,M0635
2277,M0632
2277,M0633
2277,M0634
2238,M0634
2238,M0632
2238,M0633
2238,M0635
2238,M0631
2254,M0631
2254,M0632
2254,M0634
2254,M0635
2254,M0633
2329,M0633
2329,M0631
2329,M0634
2329,M0635
2329,M0632
2399,M0633
2399,M0635
2399,M0631
2399,M0634
2399,M0632
2170,M0631
2170,M0634
2170,M0632
2170,M0633
2170,M0635
2224,M0634
2224,M0631
2224,M0632
2224,M0633
2224,M0635
2252,M0634
2252,M0631
2252,M0632
2252,M0635
2252,M0633
2189,M0632
2189,M0634
2189,M0635
2189,M0631
2189,M0633
2343,M0634
2343,M0631
2343,M0635
2343,M0633
2343,M0632
2098,M0634
2098,M0631
2098,M0633
2098,M0632
2098,M0635
2169,M0632
2169,M0634
2169,M0635
2169,M0631
2169,M0633
2180,M0631
2180,M0634
2180,M0635
2180,M0633
2180,M0632
2040,M0632
2040,M0634
2040,M0633
2040,M0631
2040,M0635
2333,MSDA404
2333,MSDA401
2333,MSDA405
2333,MSDA408
2333,MSDA407
2289,MSDA403
2289,MSDA408
2289,MSDA401
2289,MSDA406
2289,MSDA407
2028,MSDA408
2028,MSDA409
2028,MSDA401
2028,MSDA405
2028,MSDA406
2140,MSDA403
2140,MSDA402
2140,MSDA408
2140,MSDA404
2140,MSDA409
2090,MSDA401
2090,MSDA404
2090,MSDA408
2090,MSDA405
2090,MSDA403
2180,MSDA409
2180,MSDA406
2180,MSDA404
2180,MSDA408
2180,MSDA403
2227,MSDA403
2227,MSDA407
2227,MSDA405
2227,MSDA409
2227,MSDA408
2344,MSDA403
2344,MSDA402
2344,MSDA401
2344,MSDA408
2344,MSDA405
2004,MSDA401
2004,MSDA403
2004,MSDA405
2004,MSDA402
2004,MSDA407
2326,MSDA402
2326,MSDA408
2326,MSDA409
2326,MSDA404
2326,MSDA401
2156,MSDA404
2156,MSDA401
2156,MSDA402
2156,MSDA409
2156,MSDA407
2154,MSDA408
2154,MSDA407
2154,MSDA406
2154,MSDA404
2154,MSDA402
2025,MSDA407
2025,MSDA405
2025,MSDA403
2025,MSDA408
2025,MSDA402
2107,MSDA402
2107,MSDA401
2107,MSDA406
2107,MSDA407
2107,MSDA405
2079,MSDA404
2079,MSDA401
2079,MSDA403
2079,MSDA409
2079,MSDA408
2040,MSDA402
2040,MSDA405
2040,MSDA401
2040,MSDA406
2040,MSDA403
2390,MSDA408
2390,MSDA401
2390,MSDA406
2390,MSDA403
2390,MSDA407
2399,MSDA407
2399,MSDA406
2399,MSDA408
2399,MSDA405
2399,MSDA404
2228,MSDA401
2228,MSDA405
2228,MSDA409
2228,MSDA407
2228,MSDA408
2252,MSDA404
2252,MSDA403
2252,MSDA409
2252,MSDA405
2252,MSDA408
2391,P0935
2391,P0932
2391,P0934
2391,P0931
2391,P0933
2141,P0933
2141,P0935
2141,P0934
2141,P0931
2141,P0932
2350,P0935
2350,P0934
2350,P0931
2350,P0933
2350,P0932
2068,P0935
2068,P0931
2068,P0932
2068,P0933
2068,P0934
2098,P0933
2098,P0934
2098,P0931
2098,P0935
2098,P0932
2296,P0935
2296,P0931
2296,P0933
2296,P0932
2296,P0934
2143,P0933
2143,P0935
2143,P0932
2143,P0931
2143,P0934
2289,P0931
2289,P0934
2289,P0935
2289,P0933
2289,P0932
2070,P0932
2070,P0931
2070,P0935
2070,P0933
2070,P0934
2329,P0934
2329,P0932
2329,P0935
2329,P0931
2329,P0933
2081,P0932
2081,P0933
2081,P0935
2081,P0931
2081,P0934
2016,P0931
2016,P0935
2016,P0932
2016,P0934
2016,P0933
2219,P0932
2219,P0934
2219,P0935
2219,P0931
2219,P0933
2166,P0935
2166,P0933
2166,P0931
2166,P0932
2166,P0934
2287,P0934
2287,P0933
2287,P0932
2287,P0931
2287,P0935
2169,P0931
2169,P0933
2169,P0935
2169,P0934
2169,P0932
2074,P0933
2074,P0934
2074,P0931
2074,P0935
2074,P0932
2221,P0931
2221,P0934
2221,P0935
2221,P0933
2221,P0932
2256,P0935
2256,P0932
2256,P0933
2256,P0934
2256,P0931
2224,P0931
2224,P0933
2224,P0935
2224,P0934
2224,P0932
